Symbol,Security,GICS Sector,GICS Sub-Industry,Source,Retrieved At
FOUR.L,4imprint,Communication Services,Advertising Agencies,https://en.wikipedia.org/wiki/FTSE_100_Index; https://en.wikipedia.org/wiki/FTSE_250_Index; Yahoo Finance sector metadata,2026-09-29T21:48:24+00:00
AAF.L,Airtel Africa,Communication Services,Telecom Services,https://en.wikipedia.org/wiki/FTSE_100_Index; https://en.wikipedia.org/wiki/FTSE_250_Index; Yahoo Finance sector metadata,2026-09-29T21:48:24+00:00
ATG.L,Auction Technology Group,Communication Services,Internet Content & Information,https://en.wikipedia.org/wiki/FTSE_100_Index; https://en.wikipedia.org/wiki/FTSE_250_Index; Yahoo Finance sector metadata,2026-09-29T21:48:24+00:00
AUTO.L,Autotrader Group,Communication Services,Internet Content & Information,https://en.wikipedia.org/wiki/FTSE_100_Index; https://en.wikipedia.org/wiki/FTSE_250_Index; Yahoo Finance sector metadata,2026-09-29T21:48:24+00:00
BT-A.L,BT Group,Communication Services,Telecom Services,https://en.wikipedia.org/wiki/FTSE_100_Index; https://en.wikipedia.org/wiki/FTSE_250_Index; Yahoo Finance sector metadata,2026-09-29T21:48:24+00:00
BCG.L,Baltic Classifieds,Communication Services,Internet Content & Information,https://en.wikipedia.org/wiki/FTSE_100_Index; https://en.wikipedia.org/wiki/FTSE_250_Index; Yahoo Finance sector metadata,2026-09-29T21:48:24+00:00
BMY.L,Bloomsbury Publishing,Communication Services,Publishing,https://en.wikipedia.org/wiki/FTSE_100_Index; https://en.wikipedia.org/wiki/FTSE_250_Index; Yahoo Finance sector metadata,2026-09-29T21:48:24+00:00
GAMA.L,Gamma Communications,Communication Services,Telecom Services,https://en.wikipedia.org/wiki/FTSE_100_Index; https://en.wikipedia.org/wiki/FTSE_250_Index; Yahoo Finance sector metadata,2026-09-29T21:48:24+00:00
HTWS.L,Helios Towers,Communication Services,Telecom Services,https://en.wikipedia.org/wiki/FTSE_100_Index; https://en.wikipedia.org/wiki/FTSE_250_Index; Yahoo Finance sector metadata,2026-09-29T21:48:24+00:00
ITV.L,ITV,Communication Services,Broadcasting,https://en.wikipedia.org/wiki/FTSE_100_Index; https://en.wikipedia.org/wiki/FTSE_250_Index; Yahoo Finance sector metadata,2026-09-29T21:48:24+00:00
INF.L,Informa,Communication Services,Publishing,https://en.wikipedia.org/wiki/FTSE_100_Index; https://en.wikipedia.org/wiki/FTSE_250_Index; Yahoo Finance sector metadata,2026-09-29T21:48:24+00:00
MONY.L,MONY Group,Communication Services,Internet Content & Information,https://en.wikipedia.org/wiki/FTSE_100_Index; https://en.wikipedia.org/wiki/FTSE_250_Index; Yahoo Finance sector metadata,2026-09-29T21:48:24+00:00
PSON.L,Pearson plc,Communication Services,Publishing,https://en.wikipedia.org/wiki/FTSE_100_Index; https://en.wikipedia.org/wiki/FTSE_250_Index; Yahoo Finance sector metadata,2026-09-29T21:48:24+00:00
RMV.L,Rightmove,Communication Services,Internet Content & Information,https://en.wikipedia.org/wiki/FTSE_100_Index; https://en.wikipedia.org/wiki/FTSE_250_Index; Yahoo Finance sector metadata,2026-09-29T21:48:24+00:00
VOD.L,Vodafone Group,Communication Services,Telecom Services,https://en.wikipedia.org/wiki/FTSE_100_Index; https://en.wikipedia.org/wiki/FTSE_250_Index; Yahoo Finance sector metadata,2026-09-29T21:48:24+00:00
WPP.L,WPP,Communication Services,Advertising Agencies,https://en.wikipedia.org/wiki/FTSE_100_Index; https://en.wikipedia.org/wiki/FTSE_250_Index; Yahoo Finance sector metadata,2026-09-29T21:48:24+00:00
AO.L,AO World,Consumer Discretionary,Specialty Retail,https://en.wikipedia.org/wiki/FTSE_100_Index; https://en.wikipedia.org/wiki/FTSE_250_Index; Yahoo Finance sector metadata,2026-09-29T21:48:24+00:00
BTRW.L,Barratt Redrow,Consumer Discretionary,Residential Construction,https://en.wikipedia.org/wiki/FTSE_100_Index; https://en.wikipedia.org/wiki/FTSE_250_Index; Yahoo Finance sector metadata,2026-09-29T21:48:24+00:00
BWY.L,Bellway,Consumer Discretionary,Residential Construction,https://en.wikipedia.org/wiki/FTSE_100_Index; https://en.wikipedia.org/wiki/FTSE_250_Index; Yahoo Finance sector metadata,2026-09-29T21:48:24+00:00
BKG.L,Berkeley Group Holdings,Consumer Discretionary,Residential Construction,https://en.wikipedia.org/wiki/FTSE_100_Index; https://en.wikipedia.org/wiki/FTSE_250_Index; Yahoo Finance sector metadata,2026-09-29T21:48:24+00:00
BRBY.L,Burberry Group,Consumer Discretionary,Luxury Goods,https://en.wikipedia.org/wiki/FTSE_100_Index; https://en.wikipedia.org/wiki/FTSE_250_Index; Yahoo Finance sector metadata,2026-09-29T21:48:24+00:00
COA.L,Coats Group,Consumer Discretionary,Textile Manufacturing,https://en.wikipedia.org/wiki/FTSE_100_Index; https://en.wikipedia.org/wiki/FTSE_250_Index; Yahoo Finance sector metadata,2026-09-29T21:48:24+00:00
CPG.L,Compass Group,Consumer Discretionary,Restaurants,https://en.wikipedia.org/wiki/FTSE_100_Index; https://en.wikipedia.org/wiki/FTSE_250_Index; Yahoo Finance sector metadata,2026-09-29T21:48:24+00:00
CURY.L,Currys,Consumer Discretionary,Specialty Retail,https://en.wikipedia.org/wiki/FTSE_100_Index; https://en.wikipedia.org/wiki/FTSE_250_Index; Yahoo Finance sector metadata,2026-09-29T21:48:24+00:00
DOM.L,Domino's Pizza,Consumer Discretionary,Restaurants,https://en.wikipedia.org/wiki/FTSE_100_Index; https://en.wikipedia.org/wiki/FTSE_250_Index; Yahoo Finance sector metadata,2026-09-29T21:48:24+00:00
DOCS.L,Dr. Martens,Consumer Discretionary,Footwear & Accessories,https://en.wikipedia.org/wiki/FTSE_100_Index; https://en.wikipedia.org/wiki/FTSE_250_Index; Yahoo Finance sector metadata,2026-09-29T21:48:24+00:00
DNLM.L,Dunelm Group,Consumer Discretionary,Specialty Retail,https://en.wikipedia.org/wiki/FTSE_100_Index; https://en.wikipedia.org/wiki/FTSE_250_Index; Yahoo Finance sector metadata,2026-09-29T21:48:24+00:00
ENT.L,Entain,Consumer Discretionary,Gambling,https://en.wikipedia.org/wiki/FTSE_100_Index; https://en.wikipedia.org/wiki/FTSE_250_Index; Yahoo Finance sector metadata,2026-09-29T21:48:24+00:00
FRAS.L,Frasers Group,Consumer Discretionary,Specialty Retail,https://en.wikipedia.org/wiki/FTSE_100_Index; https://en.wikipedia.org/wiki/FTSE_250_Index; Yahoo Finance sector metadata,2026-09-29T21:48:24+00:00
GAW.L,Games Workshop,Consumer Discretionary,Leisure,https://en.wikipedia.org/wiki/FTSE_100_Index; https://en.wikipedia.org/wiki/FTSE_250_Index; Yahoo Finance sector metadata,2026-09-29T21:48:24+00:00
GRG.L,Greggs,Consumer Discretionary,Restaurants,https://en.wikipedia.org/wiki/FTSE_100_Index; https://en.wikipedia.org/wiki/FTSE_250_Index; Yahoo Finance sector metadata,2026-09-29T21:48:24+00:00
HFD.L,Halfords,Consumer Discretionary,Specialty Retail,https://en.wikipedia.org/wiki/FTSE_100_Index; https://en.wikipedia.org/wiki/FTSE_250_Index; Yahoo Finance sector metadata,2026-09-29T21:48:24+00:00
BOWL.L,Hollywood Bowl Group,Consumer Discretionary,Leisure,https://en.wikipedia.org/wiki/FTSE_100_Index; https://en.wikipedia.org/wiki/FTSE_250_Index; Yahoo Finance sector metadata,2026-09-29T21:48:24+00:00
HWDN.L,Howdens Joinery,Consumer Discretionary,"Furnishings, Fixtures & Appliances",https://en.wikipedia.org/wiki/FTSE_100_Index; https://en.wikipedia.org/wiki/FTSE_250_Index; Yahoo Finance sector metadata,2026-09-29T21:48:24+00:00
IHG.L,IHG Hotels & Resorts,Consumer Discretionary,Lodging,https://en.wikipedia.org/wiki/FTSE_100_Index; https://en.wikipedia.org/wiki/FTSE_250_Index; Yahoo Finance sector metadata,2026-09-29T21:48:24+00:00
INCH.L,Inchcape,Consumer Discretionary,Auto & Truck Dealerships,https://en.wikipedia.org/wiki/FTSE_100_Index; https://en.wikipedia.org/wiki/FTSE_250_Index; Yahoo Finance sector metadata,2026-09-29T21:48:24+00:00
JD.L,JD Sports,Consumer Discretionary,Apparel Retail,https://en.wikipedia.org/wiki/FTSE_100_Index; https://en.wikipedia.org/wiki/FTSE_250_Index; Yahoo Finance sector metadata,2026-09-29T21:48:24+00:00
KGF.L,Kingfisher plc,Consumer Discretionary,Home Improvement Retail,https://en.wikipedia.org/wiki/FTSE_100_Index; https://en.wikipedia.org/wiki/FTSE_250_Index; Yahoo Finance sector metadata,2026-09-29T21:48:24+00:00
MKS.L,Marks & Spencer,Consumer Discretionary,Department Stores,https://en.wikipedia.org/wiki/FTSE_100_Index; https://en.wikipedia.org/wiki/FTSE_250_Index; Yahoo Finance sector metadata,2026-09-29T21:48:24+00:00
MAB.L,Mitchells & Butlers,Consumer Discretionary,Restaurants,https://en.wikipedia.org/wiki/FTSE_100_Index; https://en.wikipedia.org/wiki/FTSE_250_Index; Yahoo Finance sector metadata,2026-09-29T21:48:24+00:00
MOON.L,Moonpig,Consumer Discretionary,Specialty Retail,https://en.wikipedia.org/wiki/FTSE_100_Index; https://en.wikipedia.org/wiki/FTSE_250_Index; Yahoo Finance sector metadata,2026-09-29T21:48:24+00:00
NXT.L,Next plc,Consumer Discretionary,Apparel Retail,https://en.wikipedia.org/wiki/FTSE_100_Index; https://en.wikipedia.org/wiki/FTSE_250_Index; Yahoo Finance sector metadata,2026-09-29T21:48:24+00:00
PPH.L,PPHE Hotel Group,Consumer Discretionary,Lodging,https://en.wikipedia.org/wiki/FTSE_100_Index; https://en.wikipedia.org/wiki/FTSE_250_Index; Yahoo Finance sector metadata,2026-09-29T21:48:24+00:00
PSN.L,Persimmon,Consumer Discretionary,Residential Construction,https://en.wikipedia.org/wiki/FTSE_100_Index; https://en.wikipedia.org/wiki/FTSE_250_Index; Yahoo Finance sector metadata,2026-09-29T21:48:24+00:00
PETS.L,Pets at Home,Consumer Discretionary,Specialty Retail,https://en.wikipedia.org/wiki/FTSE_100_Index; https://en.wikipedia.org/wiki/FTSE_250_Index; Yahoo Finance sector metadata,2026-09-29T21:48:24+00:00
PTEC.L,Playtech,Consumer Discretionary,Gambling,https://en.wikipedia.org/wiki/FTSE_100_Index; https://en.wikipedia.org/wiki/FTSE_250_Index; Yahoo Finance sector metadata,2026-09-29T21:48:24+00:00
RNK.L,Rank Group,Consumer Discretionary,Gambling,https://en.wikipedia.org/wiki/FTSE_100_Index; https://en.wikipedia.org/wiki/FTSE_250_Index; Yahoo Finance sector metadata,2026-09-29T21:48:24+00:00
SSPG.L,SSP Group,Consumer Discretionary,Restaurants,https://en.wikipedia.org/wiki/FTSE_100_Index; https://en.wikipedia.org/wiki/FTSE_250_Index; Yahoo Finance sector metadata,2026-09-29T21:48:24+00:00
SAGA.L,Saga,Consumer Discretionary,Travel Services,https://en.wikipedia.org/wiki/FTSE_100_Index; https://en.wikipedia.org/wiki/FTSE_250_Index; Yahoo Finance sector metadata,2026-09-29T21:48:24+00:00
THG.L,THG,Consumer Discretionary,Internet Retail,https://en.wikipedia.org/wiki/FTSE_100_Index; https://en.wikipedia.org/wiki/FTSE_250_Index; Yahoo Finance sector metadata,2026-09-29T21:48:24+00:00
TW.L,Taylor Wimpey,Consumer Discretionary,Residential Construction,https://en.wikipedia.org/wiki/FTSE_100_Index; https://en.wikipedia.org/wiki/FTSE_250_Index; Yahoo Finance sector metadata,2026-09-29T21:48:24+00:00
TRN.L,Trainline,Consumer Discretionary,Travel Services,https://en.wikipedia.org/wiki/FTSE_100_Index; https://en.wikipedia.org/wiki/FTSE_250_Index; Yahoo Finance sector metadata,2026-09-29T21:48:24+00:00
VTY.L,Vistry Group,Consumer Discretionary,Residential Construction,https://en.wikipedia.org/wiki/FTSE_100_Index; https://en.wikipedia.org/wiki/FTSE_250_Index; Yahoo Finance sector metadata,2026-09-29T21:48:24+00:00
SMWH.L,WHSmith,Consumer Discretionary,Specialty Retail,https://en.wikipedia.org/wiki/FTSE_100_Index; https://en.wikipedia.org/wiki/FTSE_250_Index; Yahoo Finance sector metadata,2026-09-29T21:48:24+00:00
WOSG.L,Watches of Switzerland,Consumer Discretionary,Luxury Goods,https://en.wikipedia.org/wiki/FTSE_100_Index; https://en.wikipedia.org/wiki/FTSE_250_Index; Yahoo Finance sector metadata,2026-09-29T21:48:24+00:00
JDW.L,Wetherspoons,Consumer Discretionary,Restaurants,https://en.wikipedia.org/wiki/FTSE_100_Index; https://en.wikipedia.org/wiki/FTSE_250_Index; Yahoo Finance sector metadata,2026-09-29T21:48:24+00:00
WTB.L,Whitbread,Consumer Discretionary,Lodging,https://en.wikipedia.org/wiki/FTSE_100_Index; https://en.wikipedia.org/wiki/FTSE_250_Index; Yahoo Finance sector metadata,2026-09-29T21:48:24+00:00
WIX.L,Wickes,Consumer Discretionary,Home Improvement Retail,https://en.wikipedia.org/wiki/FTSE_100_Index; https://en.wikipedia.org/wiki/FTSE_250_Index; Yahoo Finance sector metadata,2026-09-29T21:48:24+00:00
XPS.L,XPS Pensions,Consumer Discretionary,Personal Services,https://en.wikipedia.org/wiki/FTSE_100_Index; https://en.wikipedia.org/wiki/FTSE_250_Index; Yahoo Finance sector metadata,2026-09-29T21:48:24+00:00
BAG.L,A.G. Barr,Consumer Staples,Beverages - Non-Alcoholic,https://en.wikipedia.org/wiki/FTSE_100_Index; https://en.wikipedia.org/wiki/FTSE_250_Index; Yahoo Finance sector metadata,2026-09-29T21:48:24+00:00
AEP.L,AEP Plantations,Consumer Staples,Farm Products,https://en.wikipedia.org/wiki/FTSE_100_Index; https://en.wikipedia.org/wiki/FTSE_250_Index; Yahoo Finance sector metadata,2026-09-29T21:48:24+00:00
APN.L,Applied Nutrition,Consumer Staples,Packaged Foods,https://en.wikipedia.org/wiki/FTSE_100_Index; https://en.wikipedia.org/wiki/FTSE_250_Index; Yahoo Finance sector metadata,2026-09-29T21:48:24+00:00
ABF.L,Associated British Foods,Consumer Staples,Packaged Foods,https://en.wikipedia.org/wiki/FTSE_100_Index; https://en.wikipedia.org/wiki/FTSE_250_Index; Yahoo Finance sector metadata,2026-09-29T21:48:24+00:00
BME.L,B&M,Consumer Staples,Discount Stores,https://en.wikipedia.org/wiki/FTSE_100_Index; https://en.wikipedia.org/wiki/FTSE_250_Index; Yahoo Finance sector metadata,2026-09-29T21:48:24+00:00
BATS.L,British American Tobacco,Consumer Staples,Tobacco,https://en.wikipedia.org/wiki/FTSE_100_Index; https://en.wikipedia.org/wiki/FTSE_250_Index; Yahoo Finance sector metadata,2026-09-29T21:48:24+00:00
BNZL.L,Bunzl,Consumer Staples,Food Distribution,https://en.wikipedia.org/wiki/FTSE_100_Index; https://en.wikipedia.org/wiki/FTSE_250_Index; Yahoo Finance sector metadata,2026-09-29T21:48:24+00:00
CCEP.L,Coca-Cola Europacific Partners,Consumer Staples,Beverages - Non-Alcoholic,https://en.wikipedia.org/wiki/FTSE_100_Index; https://en.wikipedia.org/wiki/FTSE_250_Index; Yahoo Finance sector metadata,2026-09-29T21:48:24+00:00
CCH.L,Coca-Cola HBC,Consumer Staples,Beverages - Non-Alcoholic,https://en.wikipedia.org/wiki/FTSE_100_Index; https://en.wikipedia.org/wiki/FTSE_250_Index; Yahoo Finance sector metadata,2026-09-29T21:48:24+00:00
CWK.L,Cranswick,Consumer Staples,Packaged Foods,https://en.wikipedia.org/wiki/FTSE_100_Index; https://en.wikipedia.org/wiki/FTSE_250_Index; Yahoo Finance sector metadata,2026-09-29T21:48:24+00:00
DGE.L,Diageo,Consumer Staples,Beverages - Wineries & Distilleries,https://en.wikipedia.org/wiki/FTSE_100_Index; https://en.wikipedia.org/wiki/FTSE_250_Index; Yahoo Finance sector metadata,2026-09-29T21:48:24+00:00
GNC.L,Greencore,Consumer Staples,Packaged Foods,https://en.wikipedia.org/wiki/FTSE_100_Index; https://en.wikipedia.org/wiki/FTSE_250_Index; Yahoo Finance sector metadata,2026-09-29T21:48:24+00:00
HFG.L,Hilton Food Group,Consumer Staples,Packaged Foods,https://en.wikipedia.org/wiki/FTSE_100_Index; https://en.wikipedia.org/wiki/FTSE_250_Index; Yahoo Finance sector metadata,2026-09-29T21:48:24+00:00
IMB.L,Imperial Brands,Consumer Staples,Tobacco,https://en.wikipedia.org/wiki/FTSE_100_Index; https://en.wikipedia.org/wiki/FTSE_250_Index; Yahoo Finance sector metadata,2026-09-29T21:48:24+00:00
OCDO.L,Ocado Group,Consumer Staples,Grocery Stores,https://en.wikipedia.org/wiki/FTSE_100_Index; https://en.wikipedia.org/wiki/FTSE_250_Index; Yahoo Finance sector metadata,2026-09-29T21:48:24+00:00
PFD.L,Premier Foods,Consumer Staples,Packaged Foods,https://en.wikipedia.org/wiki/FTSE_100_Index; https://en.wikipedia.org/wiki/FTSE_250_Index; Yahoo Finance sector metadata,2026-09-29T21:48:24+00:00
PRN.L,Princes Group,Consumer Staples,Packaged Foods,https://en.wikipedia.org/wiki/FTSE_100_Index; https://en.wikipedia.org/wiki/FTSE_250_Index; Yahoo Finance sector metadata,2026-09-29T21:48:24+00:00
RKT.L,Reckitt,Consumer Staples,Household & Personal Products,https://en.wikipedia.org/wiki/FTSE_100_Index; https://en.wikipedia.org/wiki/FTSE_250_Index; Yahoo Finance sector metadata,2026-09-29T21:48:24+00:00
SBRY.L,Sainsbury's,Consumer Staples,Grocery Stores,https://en.wikipedia.org/wiki/FTSE_100_Index; https://en.wikipedia.org/wiki/FTSE_250_Index; Yahoo Finance sector metadata,2026-09-29T21:48:24+00:00
TATE.L,Tate & Lyle,Consumer Staples,Packaged Foods,https://en.wikipedia.org/wiki/FTSE_100_Index; https://en.wikipedia.org/wiki/FTSE_250_Index; Yahoo Finance sector metadata,2026-09-29T21:48:24+00:00
TSCO.L,Tesco,Consumer Staples,Grocery Stores,https://en.wikipedia.org/wiki/FTSE_100_Index; https://en.wikipedia.org/wiki/FTSE_250_Index; Yahoo Finance sector metadata,2026-09-29T21:48:24+00:00
ULVR.L,Unilever,Consumer Staples,Household & Personal Products,https://en.wikipedia.org/wiki/FTSE_100_Index; https://en.wikipedia.org/wiki/FTSE_250_Index; Yahoo Finance sector metadata,2026-09-29T21:48:24+00:00
BP.L,BP,Energy,Oil & Gas Integrated,https://en.wikipedia.org/wiki/FTSE_100_Index; https://en.wikipedia.org/wiki/FTSE_250_Index; Yahoo Finance sector metadata,2026-09-29T21:48:24+00:00
DCC.L,DCC Energy,Energy,Oil & Gas Refining & Marketing,https://en.wikipedia.org/wiki/FTSE_100_Index; https://en.wikipedia.org/wiki/FTSE_250_Index; Yahoo Finance sector metadata,2026-09-29T21:48:24+00:00
ENOG.L,Energean,Energy,Oil & Gas E&P,https://en.wikipedia.org/wiki/FTSE_100_Index; https://en.wikipedia.org/wiki/FTSE_250_Index; Yahoo Finance sector metadata,2026-09-29T21:48:24+00:00
HBR.L,Harbour Energy,Energy,Oil & Gas E&P,https://en.wikipedia.org/wiki/FTSE_100_Index; https://en.wikipedia.org/wiki/FTSE_250_Index; Yahoo Finance sector metadata,2026-09-29T21:48:24+00:00
HTG.L,Hunting,Energy,Oil & Gas Equipment & Services,https://en.wikipedia.org/wiki/FTSE_100_Index; https://en.wikipedia.org/wiki/FTSE_250_Index; Yahoo Finance sector metadata,2026-09-29T21:48:24+00:00
ITH.L,Ithaca Energy,Energy,Oil & Gas E&P,https://en.wikipedia.org/wiki/FTSE_100_Index; https://en.wikipedia.org/wiki/FTSE_250_Index; Yahoo Finance sector metadata,2026-09-29T21:48:24+00:00
SHEL.L,Shell plc,Energy,Oil & Gas Integrated,https://en.wikipedia.org/wiki/FTSE_100_Index; https://en.wikipedia.org/wiki/FTSE_250_Index; Yahoo Finance sector metadata,2026-09-29T21:48:24+00:00
III.L,3i,Financials,Asset Management,https://en.wikipedia.org/wiki/FTSE_100_Index; https://en.wikipedia.org/wiki/FTSE_250_Index; Yahoo Finance sector metadata,2026-09-29T21:48:24+00:00
3IN.L,3i Infrastructure,Financials,Asset Management,https://en.wikipedia.org/wiki/FTSE_100_Index; https://en.wikipedia.org/wiki/FTSE_250_Index; Yahoo Finance sector metadata,2026-09-29T21:48:24+00:00
AJB.L,AJ Bell,Financials,Asset Management,https://en.wikipedia.org/wiki/FTSE_100_Index; https://en.wikipedia.org/wiki/FTSE_250_Index; Yahoo Finance sector metadata,2026-09-29T21:48:24+00:00
ABDN.L,Aberdeen Group,Financials,Asset Management,https://en.wikipedia.org/wiki/FTSE_100_Index; https://en.wikipedia.org/wiki/FTSE_250_Index; Yahoo Finance sector metadata,2026-09-29T21:48:24+00:00
ADM.L,Admiral Group,Financials,Insurance - Property & Casualty,https://en.wikipedia.org/wiki/FTSE_100_Index; https://en.wikipedia.org/wiki/FTSE_250_Index; Yahoo Finance sector metadata,2026-09-29T21:48:24+00:00
ASHM.L,Ashmore Group,Financials,Asset Management,https://en.wikipedia.org/wiki/FTSE_100_Index; https://en.wikipedia.org/wiki/FTSE_250_Index; Yahoo Finance sector metadata,2026-09-29T21:48:24+00:00
AV.L,Aviva,Financials,Insurance - Diversified,https://en.wikipedia.org/wiki/FTSE_100_Index; https://en.wikipedia.org/wiki/FTSE_250_Index; Yahoo Finance sector metadata,2026-09-29T21:48:24+00:00
BHMG.L,BH Macro,Financials,Asset Management,https://en.wikipedia.org/wiki/FTSE_100_Index; https://en.wikipedia.org/wiki/FTSE_250_Index; Yahoo Finance sector metadata,2026-09-29T21:48:24+00:00
BARC.L,Barclays,Financials,Banks - Diversified,https://en.wikipedia.org/wiki/FTSE_100_Index; https://en.wikipedia.org/wiki/FTSE_250_Index; Yahoo Finance sector metadata,2026-09-29T21:48:24+00:00
BEZ.L,Beazley,Financials,Insurance - Specialty,https://en.wikipedia.org/wiki/FTSE_100_Index; https://en.wikipedia.org/wiki/FTSE_250_Index; Yahoo Finance sector metadata,2026-09-29T21:48:24+00:00
BPT.L,Bridgepoint Group,Financials,Asset Management,https://en.wikipedia.org/wiki/FTSE_100_Index; https://en.wikipedia.org/wiki/FTSE_250_Index; Yahoo Finance sector metadata,2026-09-29T21:48:24+00:00
CMCX.L,CMC Markets,Financials,Capital Markets,https://en.wikipedia.org/wiki/FTSE_100_Index; https://en.wikipedia.org/wiki/FTSE_250_Index; Yahoo Finance sector metadata,2026-09-29T21:48:24+00:00
CSN.L,Chesnara,Financials,Insurance - Life,https://en.wikipedia.org/wiki/FTSE_100_Index; https://en.wikipedia.org/wiki/FTSE_250_Index; Yahoo Finance sector metadata,2026-09-29T21:48:24+00:00
CBG.L,Close Brothers Group,Financials,Banks - Regional,https://en.wikipedia.org/wiki/FTSE_100_Index; https://en.wikipedia.org/wiki/FTSE_250_Index; Yahoo Finance sector metadata,2026-09-29T21:48:24+00:00
CORD.L,Cordiant Digital Infrastructure,Financials,Asset Management,https://en.wikipedia.org/wiki/FTSE_100_Index; https://en.wikipedia.org/wiki/FTSE_250_Index; Yahoo Finance sector metadata,2026-09-29T21:48:24+00:00
FEML.L,Fidelity Emerging Markets,Financials,Asset Management,https://en.wikipedia.org/wiki/FTSE_100_Index; https://en.wikipedia.org/wiki/FTSE_250_Index; Yahoo Finance sector metadata,2026-09-29T21:48:24+00:00
FGEN.L,Foresight Environmental Infrastructure,Financials,Asset Management,https://en.wikipedia.org/wiki/FTSE_100_Index; https://en.wikipedia.org/wiki/FTSE_250_Index; Yahoo Finance sector metadata,2026-09-29T21:48:24+00:00
FSG.L,Foresight Group,Financials,Asset Management,https://en.wikipedia.org/wiki/FTSE_100_Index; https://en.wikipedia.org/wiki/FTSE_250_Index; Yahoo Finance sector metadata,2026-09-29T21:48:24+00:00
FCH.L,Funding Circle,Financials,Credit Services,https://en.wikipedia.org/wiki/FTSE_100_Index; https://en.wikipedia.org/wiki/FTSE_250_Index; Yahoo Finance sector metadata,2026-09-29T21:48:24+00:00
GCP.L,GCP Infrastructure Investments,Financials,Asset Management,https://en.wikipedia.org/wiki/FTSE_100_Index; https://en.wikipedia.org/wiki/FTSE_250_Index; Yahoo Finance sector metadata,2026-09-29T21:48:24+00:00
HSBA.L,HSBC,Financials,Banks - Diversified,https://en.wikipedia.org/wiki/FTSE_100_Index; https://en.wikipedia.org/wiki/FTSE_250_Index; Yahoo Finance sector metadata,2026-09-29T21:48:24+00:00
HANA.L,Hansa Investment Company,Financials,Asset Management,https://en.wikipedia.org/wiki/FTSE_100_Index; https://en.wikipedia.org/wiki/FTSE_250_Index; Yahoo Finance sector metadata,2026-09-29T21:48:24+00:00
HVPE.L,HarbourVest Global Private Equity,Financials,Asset Management,https://en.wikipedia.org/wiki/FTSE_100_Index; https://en.wikipedia.org/wiki/FTSE_250_Index; Yahoo Finance sector metadata,2026-09-29T21:48:24+00:00
HFEL.L,Henderson Far East Income,Financials,Asset Management,https://en.wikipedia.org/wiki/FTSE_100_Index; https://en.wikipedia.org/wiki/FTSE_250_Index; Yahoo Finance sector metadata,2026-09-29T21:48:24+00:00
HSX.L,Hiscox,Financials,Insurance - Property & Casualty,https://en.wikipedia.org/wiki/FTSE_100_Index; https://en.wikipedia.org/wiki/FTSE_250_Index; Yahoo Finance sector metadata,2026-09-29T21:48:24+00:00
ICG.L,ICG,Financials,Asset Management,https://en.wikipedia.org/wiki/FTSE_100_Index; https://en.wikipedia.org/wiki/FTSE_250_Index; Yahoo Finance sector metadata,2026-09-29T21:48:24+00:00
IGG.L,IG Group,Financials,Capital Markets,https://en.wikipedia.org/wiki/FTSE_100_Index; https://en.wikipedia.org/wiki/FTSE_250_Index; Yahoo Finance sector metadata,2026-09-29T21:48:24+00:00
IPO.L,IP Group,Financials,Asset Management,https://en.wikipedia.org/wiki/FTSE_100_Index; https://en.wikipedia.org/wiki/FTSE_250_Index; Yahoo Finance sector metadata,2026-09-29T21:48:24+00:00
IHP.L,IntegraFin Holdings,Financials,Asset Management,https://en.wikipedia.org/wiki/FTSE_100_Index; https://en.wikipedia.org/wiki/FTSE_250_Index; Yahoo Finance sector metadata,2026-09-29T21:48:24+00:00
INPP.L,International Public Partnerships,Financials,Asset Management,https://en.wikipedia.org/wiki/FTSE_100_Index; https://en.wikipedia.org/wiki/FTSE_250_Index; Yahoo Finance sector metadata,2026-09-29T21:48:24+00:00
INVP.L,Investec,Financials,Capital Markets,https://en.wikipedia.org/wiki/FTSE_100_Index; https://en.wikipedia.org/wiki/FTSE_250_Index; Yahoo Finance sector metadata,2026-09-29T21:48:24+00:00
JFJ.L,JPMorgan Japanese Investment Trust,Financials,Asset Management,https://en.wikipedia.org/wiki/FTSE_100_Index; https://en.wikipedia.org/wiki/FTSE_250_Index; Yahoo Finance sector metadata,2026-09-29T21:48:24+00:00
JUP.L,Jupiter Fund Management,Financials,Asset Management,https://en.wikipedia.org/wiki/FTSE_100_Index; https://en.wikipedia.org/wiki/FTSE_250_Index; Yahoo Finance sector metadata,2026-09-29T21:48:24+00:00
LRE.L,Lancashire Holdings,Financials,Insurance - Specialty,https://en.wikipedia.org/wiki/FTSE_100_Index; https://en.wikipedia.org/wiki/FTSE_250_Index; Yahoo Finance sector metadata,2026-09-29T21:48:24+00:00
LGEN.L,Legal & General,Financials,Asset Management,https://en.wikipedia.org/wiki/FTSE_100_Index; https://en.wikipedia.org/wiki/FTSE_250_Index; Yahoo Finance sector metadata,2026-09-29T21:48:24+00:00
BGEO.L,Lion Finance Group,Financials,Banks - Regional,https://en.wikipedia.org/wiki/FTSE_100_Index; https://en.wikipedia.org/wiki/FTSE_250_Index; Yahoo Finance sector metadata,2026-09-29T21:48:24+00:00
LLOY.L,Lloyds Banking Group,Financials,Banks - Regional,https://en.wikipedia.org/wiki/FTSE_100_Index; https://en.wikipedia.org/wiki/FTSE_250_Index; Yahoo Finance sector metadata,2026-09-29T21:48:24+00:00
LSEG.L,London Stock Exchange Group,Financials,Financial Data & Stock Exchanges,https://en.wikipedia.org/wiki/FTSE_100_Index; https://en.wikipedia.org/wiki/FTSE_250_Index; Yahoo Finance sector metadata,2026-09-29T21:48:24+00:00
MNG.L,M&G,Financials,Asset Management,https://en.wikipedia.org/wiki/FTSE_100_Index; https://en.wikipedia.org/wiki/FTSE_250_Index; Yahoo Finance sector metadata,2026-09-29T21:48:24+00:00
EMG.L,Man Group,Financials,Asset Management,https://en.wikipedia.org/wiki/FTSE_100_Index; https://en.wikipedia.org/wiki/FTSE_250_Index; Yahoo Finance sector metadata,2026-09-29T21:48:24+00:00
MTRO.L,Metro Bank,Financials,Banks - Regional,https://en.wikipedia.org/wiki/FTSE_100_Index; https://en.wikipedia.org/wiki/FTSE_250_Index; Yahoo Finance sector metadata,2026-09-29T21:48:24+00:00
NWG.L,NatWest Group,Financials,Banks - Regional,https://en.wikipedia.org/wiki/FTSE_100_Index; https://en.wikipedia.org/wiki/FTSE_250_Index; Yahoo Finance sector metadata,2026-09-29T21:48:24+00:00
NBPE.L,Neuberger Private Equity Partners,Financials,Asset Management,https://en.wikipedia.org/wiki/FTSE_100_Index; https://en.wikipedia.org/wiki/FTSE_250_Index; Yahoo Finance sector metadata,2026-09-29T21:48:24+00:00
N91.L,Ninety One,Financials,Asset Management,https://en.wikipedia.org/wiki/FTSE_100_Index; https://en.wikipedia.org/wiki/FTSE_250_Index; Yahoo Finance sector metadata,2026-09-29T21:48:24+00:00
OSB.L,OSB Group,Financials,Mortgage Finance,https://en.wikipedia.org/wiki/FTSE_100_Index; https://en.wikipedia.org/wiki/FTSE_250_Index; Yahoo Finance sector metadata,2026-09-29T21:48:24+00:00
OCI.L,Oakley Capital Investments,Financials,Asset Management,https://en.wikipedia.org/wiki/FTSE_100_Index; https://en.wikipedia.org/wiki/FTSE_250_Index; Yahoo Finance sector metadata,2026-09-29T21:48:24+00:00
PAG.L,Paragon Banking Group,Financials,Mortgage Finance,https://en.wikipedia.org/wiki/FTSE_100_Index; https://en.wikipedia.org/wiki/FTSE_250_Index; Yahoo Finance sector metadata,2026-09-29T21:48:24+00:00
PEY.L,Partners Group Private Equity,Financials,Asset Management,https://en.wikipedia.org/wiki/FTSE_100_Index; https://en.wikipedia.org/wiki/FTSE_250_Index; Yahoo Finance sector metadata,2026-09-29T21:48:24+00:00
PSH.L,Pershing Square Holdings,Financials,Asset Management,https://en.wikipedia.org/wiki/FTSE_100_Index; https://en.wikipedia.org/wiki/FTSE_250_Index; Yahoo Finance sector metadata,2026-09-29T21:48:24+00:00
PLUS.L,Plus500,Financials,Capital Markets,https://en.wikipedia.org/wiki/FTSE_100_Index; https://en.wikipedia.org/wiki/FTSE_250_Index; Yahoo Finance sector metadata,2026-09-29T21:48:24+00:00
POLN.L,Pollen Street Group,Financials,Asset Management,https://en.wikipedia.org/wiki/FTSE_100_Index; https://en.wikipedia.org/wiki/FTSE_250_Index; Yahoo Finance sector metadata,2026-09-29T21:48:24+00:00
PRU.L,Prudential plc,Financials,Insurance - Life,https://en.wikipedia.org/wiki/FTSE_100_Index; https://en.wikipedia.org/wiki/FTSE_250_Index; Yahoo Finance sector metadata,2026-09-29T21:48:24+00:00
QLT.L,Quilter,Financials,Asset Management,https://en.wikipedia.org/wiki/FTSE_100_Index; https://en.wikipedia.org/wiki/FTSE_250_Index; Yahoo Finance sector metadata,2026-09-29T21:48:24+00:00
RTW.L,RTW Biotech Opportunities,Financials,Asset Management,https://en.wikipedia.org/wiki/FTSE_100_Index; https://en.wikipedia.org/wiki/FTSE_250_Index; Yahoo Finance sector metadata,2026-09-29T21:48:24+00:00
RAT.L,Rathbones,Financials,Asset Management,https://en.wikipedia.org/wiki/FTSE_100_Index; https://en.wikipedia.org/wiki/FTSE_250_Index; Yahoo Finance sector metadata,2026-09-29T21:48:24+00:00
ROSE.L,Rosebank Industries,Financials,Asset Management,https://en.wikipedia.org/wiki/FTSE_100_Index; https://en.wikipedia.org/wiki/FTSE_250_Index; Yahoo Finance sector metadata,2026-09-29T21:48:24+00:00
RICA.L,Ruffer Investment Company,Financials,Asset Management,https://en.wikipedia.org/wiki/FTSE_100_Index; https://en.wikipedia.org/wiki/FTSE_250_Index; Yahoo Finance sector metadata,2026-09-29T21:48:24+00:00
MNTN.L,Schiehallion Fund,Financials,Asset Management,https://en.wikipedia.org/wiki/FTSE_100_Index; https://en.wikipedia.org/wiki/FTSE_250_Index; Yahoo Finance sector metadata,2026-09-29T21:48:24+00:00
SDR.L,Schroders,Financials,Asset Management,https://en.wikipedia.org/wiki/FTSE_100_Index; https://en.wikipedia.org/wiki/FTSE_250_Index; Yahoo Finance sector metadata,2026-09-29T21:48:24+00:00
SEQI.L,Sequoia Economic Infrastructure Income Fund,Financials,Asset Management,https://en.wikipedia.org/wiki/FTSE_100_Index; https://en.wikipedia.org/wiki/FTSE_250_Index; Yahoo Finance sector metadata,2026-09-29T21:48:24+00:00
SHAW.L,Shawbrook Bank,Financials,Banks - Regional,https://en.wikipedia.org/wiki/FTSE_100_Index; https://en.wikipedia.org/wiki/FTSE_250_Index; Yahoo Finance sector metadata,2026-09-29T21:48:24+00:00
STJ.L,St. James's Place,Financials,Asset Management,https://en.wikipedia.org/wiki/FTSE_100_Index; https://en.wikipedia.org/wiki/FTSE_250_Index; Yahoo Finance sector metadata,2026-09-29T21:48:24+00:00
STAN.L,Standard Chartered,Financials,Banks - Diversified,https://en.wikipedia.org/wiki/FTSE_100_Index; https://en.wikipedia.org/wiki/FTSE_250_Index; Yahoo Finance sector metadata,2026-09-29T21:48:24+00:00
SDLF.L,Standard Life,Financials,Insurance - Life,https://en.wikipedia.org/wiki/FTSE_100_Index; https://en.wikipedia.org/wiki/FTSE_250_Index; Yahoo Finance sector metadata,2026-09-29T21:48:24+00:00
SYNC.L,Syncona,Financials,Asset Management,https://en.wikipedia.org/wiki/FTSE_100_Index; https://en.wikipedia.org/wiki/FTSE_250_Index; Yahoo Finance sector metadata,2026-09-29T21:48:24+00:00
TBCG.L,TBC Bank,Financials,Banks - Regional,https://en.wikipedia.org/wiki/FTSE_100_Index; https://en.wikipedia.org/wiki/FTSE_250_Index; Yahoo Finance sector metadata,2026-09-29T21:48:24+00:00
TCAP.L,TP ICAP,Financials,Capital Markets,https://en.wikipedia.org/wiki/FTSE_100_Index; https://en.wikipedia.org/wiki/FTSE_250_Index; Yahoo Finance sector metadata,2026-09-29T21:48:24+00:00
TFIF.L,Twentyfour Income Fund,Financials,Asset Management,https://en.wikipedia.org/wiki/FTSE_100_Index; https://en.wikipedia.org/wiki/FTSE_250_Index; Yahoo Finance sector metadata,2026-09-29T21:48:24+00:00
UEM.L,Utilico Emerging Markets,Financials,Asset Management,https://en.wikipedia.org/wiki/FTSE_100_Index; https://en.wikipedia.org/wiki/FTSE_250_Index; Yahoo Finance sector metadata,2026-09-29T21:48:24+00:00
VEIL.L,Vietnam Enterprise Investments,Financials,Asset Management,https://en.wikipedia.org/wiki/FTSE_100_Index; https://en.wikipedia.org/wiki/FTSE_250_Index; Yahoo Finance sector metadata,2026-09-29T21:48:24+00:00
VOF.L,VinaCapital Vietnam Opportunity Fund,Financials,Asset Management,https://en.wikipedia.org/wiki/FTSE_100_Index; https://en.wikipedia.org/wiki/FTSE_250_Index; Yahoo Finance sector metadata,2026-09-29T21:48:24+00:00
AZN.L,AstraZeneca,Health Care,Drug Manufacturers - General,https://en.wikipedia.org/wiki/FTSE_100_Index; https://en.wikipedia.org/wiki/FTSE_250_Index; Yahoo Finance sector metadata,2026-09-29T21:48:24+00:00
CVSG.L,CVS Group,Health Care,Medical Care Facilities,https://en.wikipedia.org/wiki/FTSE_100_Index; https://en.wikipedia.org/wiki/FTSE_250_Index; Yahoo Finance sector metadata,2026-09-29T21:48:24+00:00
CTEC.L,Convatec,Health Care,Medical Instruments & Supplies,https://en.wikipedia.org/wiki/FTSE_100_Index; https://en.wikipedia.org/wiki/FTSE_250_Index; Yahoo Finance sector metadata,2026-09-29T21:48:24+00:00
GSK.L,GSK plc,Health Care,Drug Manufacturers - General,https://en.wikipedia.org/wiki/FTSE_100_Index; https://en.wikipedia.org/wiki/FTSE_250_Index; Yahoo Finance sector metadata,2026-09-29T21:48:24+00:00
GNS.L,Genus,Health Care,Biotechnology,https://en.wikipedia.org/wiki/FTSE_100_Index; https://en.wikipedia.org/wiki/FTSE_250_Index; Yahoo Finance sector metadata,2026-09-29T21:48:24+00:00
HLN.L,Haleon,Health Care,Drug Manufacturers - Specialty & Generic,https://en.wikipedia.org/wiki/FTSE_100_Index; https://en.wikipedia.org/wiki/FTSE_250_Index; Yahoo Finance sector metadata,2026-09-29T21:48:24+00:00
HIK.L,Hikma Pharmaceuticals,Health Care,Drug Manufacturers - Specialty & Generic,https://en.wikipedia.org/wiki/FTSE_100_Index; https://en.wikipedia.org/wiki/FTSE_250_Index; Yahoo Finance sector metadata,2026-09-29T21:48:24+00:00
OXB.L,Oxford Biomedica,Health Care,Biotechnology,https://en.wikipedia.org/wiki/FTSE_100_Index; https://en.wikipedia.org/wiki/FTSE_250_Index; Yahoo Finance sector metadata,2026-09-29T21:48:24+00:00
ONT.L,Oxford Nanopore Technologies,Health Care,Biotechnology,https://en.wikipedia.org/wiki/FTSE_100_Index; https://en.wikipedia.org/wiki/FTSE_250_Index; Yahoo Finance sector metadata,2026-09-29T21:48:24+00:00
SN.L,Smith & Nephew,Health Care,Medical Devices,https://en.wikipedia.org/wiki/FTSE_100_Index; https://en.wikipedia.org/wiki/FTSE_250_Index; Yahoo Finance sector metadata,2026-09-29T21:48:24+00:00
SPI.L,Spire Healthcare,Health Care,Medical Care Facilities,https://en.wikipedia.org/wiki/FTSE_100_Index; https://en.wikipedia.org/wiki/FTSE_250_Index; Yahoo Finance sector metadata,2026-09-29T21:48:24+00:00
AVON.L,Avon Technologies,Industrials,Aerospace & Defense,https://en.wikipedia.org/wiki/FTSE_100_Index; https://en.wikipedia.org/wiki/FTSE_250_Index; Yahoo Finance sector metadata,2026-09-29T21:48:24+00:00
BA.L,BAE Systems,Industrials,Aerospace & Defense,https://en.wikipedia.org/wiki/FTSE_100_Index; https://en.wikipedia.org/wiki/FTSE_250_Index; Yahoo Finance sector metadata,2026-09-29T21:48:24+00:00
BAB.L,Babcock International,Industrials,Engineering & Construction,https://en.wikipedia.org/wiki/FTSE_100_Index; https://en.wikipedia.org/wiki/FTSE_250_Index; Yahoo Finance sector metadata,2026-09-29T21:48:24+00:00
BBY.L,Balfour Beatty,Industrials,Engineering & Construction,https://en.wikipedia.org/wiki/FTSE_100_Index; https://en.wikipedia.org/wiki/FTSE_250_Index; Yahoo Finance sector metadata,2026-09-29T21:48:24+00:00
BOY.L,Bodycote,Industrials,Specialty Industrial Machinery,https://en.wikipedia.org/wiki/FTSE_100_Index; https://en.wikipedia.org/wiki/FTSE_250_Index; Yahoo Finance sector metadata,2026-09-29T21:48:24+00:00
CWR.L,Ceres Power,Industrials,Electrical Equipment & Parts,https://en.wikipedia.org/wiki/FTSE_100_Index; https://en.wikipedia.org/wiki/FTSE_250_Index; Yahoo Finance sector metadata,2026-09-29T21:48:24+00:00
CHG.L,Chemring Group,Industrials,Aerospace & Defense,https://en.wikipedia.org/wiki/FTSE_100_Index; https://en.wikipedia.org/wiki/FTSE_250_Index; Yahoo Finance sector metadata,2026-09-29T21:48:24+00:00
CKN.L,Clarkson,Industrials,Marine Shipping,https://en.wikipedia.org/wiki/FTSE_100_Index; https://en.wikipedia.org/wiki/FTSE_250_Index; Yahoo Finance sector metadata,2026-09-29T21:48:24+00:00
COST.L,Costain Group,Industrials,Engineering & Construction,https://en.wikipedia.org/wiki/FTSE_100_Index; https://en.wikipedia.org/wiki/FTSE_250_Index; Yahoo Finance sector metadata,2026-09-29T21:48:24+00:00
DPLM.L,Diploma,Industrials,Industrial Distribution,https://en.wikipedia.org/wiki/FTSE_100_Index; https://en.wikipedia.org/wiki/FTSE_250_Index; Yahoo Finance sector metadata,2026-09-29T21:48:24+00:00
EZJ.L,EasyJet,Industrials,Airlines,https://en.wikipedia.org/wiki/FTSE_100_Index; https://en.wikipedia.org/wiki/FTSE_250_Index; Yahoo Finance sector metadata,2026-09-29T21:48:24+00:00
EXPN.L,Experian,Industrials,Consulting Services,https://en.wikipedia.org/wiki/FTSE_100_Index; https://en.wikipedia.org/wiki/FTSE_250_Index; Yahoo Finance sector metadata,2026-09-29T21:48:24+00:00
FGP.L,FirstGroup,Industrials,Railroads,https://en.wikipedia.org/wiki/FTSE_100_Index; https://en.wikipedia.org/wiki/FTSE_250_Index; Yahoo Finance sector metadata,2026-09-29T21:48:24+00:00
GFRD.L,Galliford Try,Industrials,Engineering & Construction,https://en.wikipedia.org/wiki/FTSE_100_Index; https://en.wikipedia.org/wiki/FTSE_250_Index; Yahoo Finance sector metadata,2026-09-29T21:48:24+00:00
GEN.L,Genuit Group,Industrials,Building Products & Equipment,https://en.wikipedia.org/wiki/FTSE_100_Index; https://en.wikipedia.org/wiki/FTSE_250_Index; Yahoo Finance sector metadata,2026-09-29T21:48:24+00:00
DATA.L,GlobalData,Industrials,Consulting Services,https://en.wikipedia.org/wiki/FTSE_100_Index; https://en.wikipedia.org/wiki/FTSE_250_Index; Yahoo Finance sector metadata,2026-09-29T21:48:24+00:00
GDWN.L,Goodwin,Industrials,Specialty Industrial Machinery,https://en.wikipedia.org/wiki/FTSE_100_Index; https://en.wikipedia.org/wiki/FTSE_250_Index; Yahoo Finance sector metadata,2026-09-29T21:48:24+00:00
GFTU.L,Grafton Group,Industrials,Industrial Distribution,https://en.wikipedia.org/wiki/FTSE_100_Index; https://en.wikipedia.org/wiki/FTSE_250_Index; Yahoo Finance sector metadata,2026-09-29T21:48:24+00:00
HLMA.L,Halma plc,Industrials,Conglomerates,https://en.wikipedia.org/wiki/FTSE_100_Index; https://en.wikipedia.org/wiki/FTSE_250_Index; Yahoo Finance sector metadata,2026-09-29T21:48:24+00:00
HAS.L,Hays,Industrials,Staffing & Employment Services,https://en.wikipedia.org/wiki/FTSE_100_Index; https://en.wikipedia.org/wiki/FTSE_250_Index; Yahoo Finance sector metadata,2026-09-29T21:48:24+00:00
HILS.L,Hill & Smith,Industrials,Engineering & Construction,https://en.wikipedia.org/wiki/FTSE_100_Index; https://en.wikipedia.org/wiki/FTSE_250_Index; Yahoo Finance sector metadata,2026-09-29T21:48:24+00:00
IMI.L,IMI,Industrials,Specialty Industrial Machinery,https://en.wikipedia.org/wiki/FTSE_100_Index; https://en.wikipedia.org/wiki/FTSE_250_Index; Yahoo Finance sector metadata,2026-09-29T21:48:24+00:00
IAG.L,International Airlines Group,Industrials,Airlines,https://en.wikipedia.org/wiki/FTSE_100_Index; https://en.wikipedia.org/wiki/FTSE_250_Index; Yahoo Finance sector metadata,2026-09-29T21:48:24+00:00
ITRK.L,Intertek,Industrials,Specialty Business Services,https://en.wikipedia.org/wiki/FTSE_100_Index; https://en.wikipedia.org/wiki/FTSE_250_Index; Yahoo Finance sector metadata,2026-09-29T21:48:24+00:00
JSG.L,Johnson Service Group,Industrials,Specialty Business Services,https://en.wikipedia.org/wiki/FTSE_100_Index; https://en.wikipedia.org/wiki/FTSE_250_Index; Yahoo Finance sector metadata,2026-09-29T21:48:24+00:00
KLR.L,Keller Group,Industrials,Engineering & Construction,https://en.wikipedia.org/wiki/FTSE_100_Index; https://en.wikipedia.org/wiki/FTSE_250_Index; Yahoo Finance sector metadata,2026-09-29T21:48:24+00:00
KIE.L,Kier Group,Industrials,Engineering & Construction,https://en.wikipedia.org/wiki/FTSE_100_Index; https://en.wikipedia.org/wiki/FTSE_250_Index; Yahoo Finance sector metadata,2026-09-29T21:48:24+00:00
MEGP.L,ME Group International,Industrials,Business Equipment & Supplies,https://en.wikipedia.org/wiki/FTSE_100_Index; https://en.wikipedia.org/wiki/FTSE_250_Index; Yahoo Finance sector metadata,2026-09-29T21:48:24+00:00
MRO.L,Melrose Industries,Industrials,Specialty Industrial Machinery,https://en.wikipedia.org/wiki/FTSE_100_Index; https://en.wikipedia.org/wiki/FTSE_250_Index; Yahoo Finance sector metadata,2026-09-29T21:48:24+00:00
PAGE.L,Michael Page,Industrials,Staffing & Employment Services,https://en.wikipedia.org/wiki/FTSE_100_Index; https://en.wikipedia.org/wiki/FTSE_250_Index; Yahoo Finance sector metadata,2026-09-29T21:48:24+00:00
MTO.L,Mitie,Industrials,Specialty Business Services,https://en.wikipedia.org/wiki/FTSE_100_Index; https://en.wikipedia.org/wiki/FTSE_250_Index; Yahoo Finance sector metadata,2026-09-29T21:48:24+00:00
MGAM.L,Morgan Advanced Materials,Industrials,Specialty Industrial Machinery,https://en.wikipedia.org/wiki/FTSE_100_Index; https://en.wikipedia.org/wiki/FTSE_250_Index; Yahoo Finance sector metadata,2026-09-29T21:48:24+00:00
MGNS.L,Morgan Sindall Group,Industrials,Engineering & Construction,https://en.wikipedia.org/wiki/FTSE_100_Index; https://en.wikipedia.org/wiki/FTSE_250_Index; Yahoo Finance sector metadata,2026-09-29T21:48:24+00:00
QQ.L,Qinetiq,Industrials,Aerospace & Defense,https://en.wikipedia.org/wiki/FTSE_100_Index; https://en.wikipedia.org/wiki/FTSE_250_Index; Yahoo Finance sector metadata,2026-09-29T21:48:24+00:00
REL.L,RELX,Industrials,Specialty Business Services,https://en.wikipedia.org/wiki/FTSE_100_Index; https://en.wikipedia.org/wiki/FTSE_250_Index; Yahoo Finance sector metadata,2026-09-29T21:48:24+00:00
RHIM.L,RHI Magnesita,Industrials,Metal Fabrication,https://en.wikipedia.org/wiki/FTSE_100_Index; https://en.wikipedia.org/wiki/FTSE_250_Index; Yahoo Finance sector metadata,2026-09-29T21:48:24+00:00
RS1.L,RS Group,Industrials,Industrial Distribution,https://en.wikipedia.org/wiki/FTSE_100_Index; https://en.wikipedia.org/wiki/FTSE_250_Index; Yahoo Finance sector metadata,2026-09-29T21:48:24+00:00
RTO.L,Rentokil Initial,Industrials,Specialty Business Services,https://en.wikipedia.org/wiki/FTSE_100_Index; https://en.wikipedia.org/wiki/FTSE_250_Index; Yahoo Finance sector metadata,2026-09-29T21:48:24+00:00
RR.L,Rolls-Royce Holdings,Industrials,Aerospace & Defense,https://en.wikipedia.org/wiki/FTSE_100_Index; https://en.wikipedia.org/wiki/FTSE_250_Index; Yahoo Finance sector metadata,2026-09-29T21:48:24+00:00
ROR.L,Rotork,Industrials,Specialty Industrial Machinery,https://en.wikipedia.org/wiki/FTSE_100_Index; https://en.wikipedia.org/wiki/FTSE_250_Index; Yahoo Finance sector metadata,2026-09-29T21:48:24+00:00
SNR.L,Senior,Industrials,Aerospace & Defense,https://en.wikipedia.org/wiki/FTSE_100_Index; https://en.wikipedia.org/wiki/FTSE_250_Index; Yahoo Finance sector metadata,2026-09-29T21:48:24+00:00
SRP.L,Serco,Industrials,Specialty Business Services,https://en.wikipedia.org/wiki/FTSE_100_Index; https://en.wikipedia.org/wiki/FTSE_250_Index; Yahoo Finance sector metadata,2026-09-29T21:48:24+00:00
SMIN.L,Smiths Group,Industrials,Specialty Industrial Machinery,https://en.wikipedia.org/wiki/FTSE_100_Index; https://en.wikipedia.org/wiki/FTSE_250_Index; Yahoo Finance sector metadata,2026-09-29T21:48:24+00:00
SPX.L,Spirax Group,Industrials,Specialty Industrial Machinery,https://en.wikipedia.org/wiki/FTSE_100_Index; https://en.wikipedia.org/wiki/FTSE_250_Index; Yahoo Finance sector metadata,2026-09-29T21:48:24+00:00
TPK.L,Travis Perkins,Industrials,Industrial Distribution,https://en.wikipedia.org/wiki/FTSE_100_Index; https://en.wikipedia.org/wiki/FTSE_250_Index; Yahoo Finance sector metadata,2026-09-29T21:48:24+00:00
VLX.L,Volex,Industrials,Electrical Equipment & Parts,https://en.wikipedia.org/wiki/FTSE_100_Index; https://en.wikipedia.org/wiki/FTSE_250_Index; Yahoo Finance sector metadata,2026-09-29T21:48:24+00:00
FAN.L,Volution Group,Industrials,Building Products & Equipment,https://en.wikipedia.org/wiki/FTSE_100_Index; https://en.wikipedia.org/wiki/FTSE_250_Index; Yahoo Finance sector metadata,2026-09-29T21:48:24+00:00
WEIR.L,Weir,Industrials,Specialty Industrial Machinery,https://en.wikipedia.org/wiki/FTSE_100_Index; https://en.wikipedia.org/wiki/FTSE_250_Index; Yahoo Finance sector metadata,2026-09-29T21:48:24+00:00
WIZZ.L,Wizz Air,Industrials,Airlines,https://en.wikipedia.org/wiki/FTSE_100_Index; https://en.wikipedia.org/wiki/FTSE_250_Index; Yahoo Finance sector metadata,2026-09-29T21:48:24+00:00
XPP.L,XP Power,Industrials,Electrical Equipment & Parts,https://en.wikipedia.org/wiki/FTSE_100_Index; https://en.wikipedia.org/wiki/FTSE_250_Index; Yahoo Finance sector metadata,2026-09-29T21:48:24+00:00
ZIG.L,Zigup,Industrials,Rental & Leasing Services,https://en.wikipedia.org/wiki/FTSE_100_Index; https://en.wikipedia.org/wiki/FTSE_250_Index; Yahoo Finance sector metadata,2026-09-29T21:48:24+00:00
ALFA.L,Alfa Financial Software,Information Technology,Software - Application,https://en.wikipedia.org/wiki/FTSE_100_Index; https://en.wikipedia.org/wiki/FTSE_250_Index; Yahoo Finance sector metadata,2026-09-29T21:48:24+00:00
BYIT.L,Bytes Technology Group,Information Technology,Software - Infrastructure,https://en.wikipedia.org/wiki/FTSE_100_Index; https://en.wikipedia.org/wiki/FTSE_250_Index; Yahoo Finance sector metadata,2026-09-29T21:48:24+00:00
CCC.L,Computacenter,Information Technology,Information Technology Services,https://en.wikipedia.org/wiki/FTSE_100_Index; https://en.wikipedia.org/wiki/FTSE_250_Index; Yahoo Finance sector metadata,2026-09-29T21:48:24+00:00
EWG.L,Eurowag,Information Technology,Software - Infrastructure,https://en.wikipedia.org/wiki/FTSE_100_Index; https://en.wikipedia.org/wiki/FTSE_250_Index; Yahoo Finance sector metadata,2026-09-29T21:48:24+00:00
KNOS.L,Kainos,Information Technology,Software - Application,https://en.wikipedia.org/wiki/FTSE_100_Index; https://en.wikipedia.org/wiki/FTSE_250_Index; Yahoo Finance sector metadata,2026-09-29T21:48:24+00:00
NCC.L,NCC Group,Information Technology,Software - Infrastructure,https://en.wikipedia.org/wiki/FTSE_100_Index; https://en.wikipedia.org/wiki/FTSE_250_Index; Yahoo Finance sector metadata,2026-09-29T21:48:24+00:00
OXIG.L,Oxford Instruments,Information Technology,Scientific & Technical Instruments,https://en.wikipedia.org/wiki/FTSE_100_Index; https://en.wikipedia.org/wiki/FTSE_250_Index; Yahoo Finance sector metadata,2026-09-29T21:48:24+00:00
PINE.L,Pinewood Technologies,Information Technology,Software - Application,https://en.wikipedia.org/wiki/FTSE_100_Index; https://en.wikipedia.org/wiki/FTSE_250_Index; Yahoo Finance sector metadata,2026-09-29T21:48:24+00:00
RPI.L,Raspberry Pi Holdings,Information Technology,Electronic Components,https://en.wikipedia.org/wiki/FTSE_100_Index; https://en.wikipedia.org/wiki/FTSE_250_Index; Yahoo Finance sector metadata,2026-09-29T21:48:24+00:00
RSW.L,Renishaw,Information Technology,Scientific & Technical Instruments,https://en.wikipedia.org/wiki/FTSE_100_Index; https://en.wikipedia.org/wiki/FTSE_250_Index; Yahoo Finance sector metadata,2026-09-29T21:48:24+00:00
SGE.L,Sage Group,Information Technology,Software - Application,https://en.wikipedia.org/wiki/FTSE_100_Index; https://en.wikipedia.org/wiki/FTSE_250_Index; Yahoo Finance sector metadata,2026-09-29T21:48:24+00:00
SCT.L,Softcat,Information Technology,Electronics & Computer Distribution,https://en.wikipedia.org/wiki/FTSE_100_Index; https://en.wikipedia.org/wiki/FTSE_250_Index; Yahoo Finance sector metadata,2026-09-29T21:48:24+00:00
TRST.L,Trustpilot,Information Technology,Software - Application,https://en.wikipedia.org/wiki/FTSE_100_Index; https://en.wikipedia.org/wiki/FTSE_250_Index; Yahoo Finance sector metadata,2026-09-29T21:48:24+00:00
DSCV.L,discoverIE,Information Technology,Electronic Components,https://en.wikipedia.org/wiki/FTSE_100_Index; https://en.wikipedia.org/wiki/FTSE_250_Index; Yahoo Finance sector metadata,2026-09-29T21:48:24+00:00
AAL.L,Anglo American plc,Materials,Other Industrial Metals & Mining,https://en.wikipedia.org/wiki/FTSE_100_Index; https://en.wikipedia.org/wiki/FTSE_250_Index; Yahoo Finance sector metadata,2026-09-29T21:48:24+00:00
ANTO.L,Antofagasta plc,Materials,Copper,https://en.wikipedia.org/wiki/FTSE_100_Index; https://en.wikipedia.org/wiki/FTSE_250_Index; Yahoo Finance sector metadata,2026-09-29T21:48:24+00:00
ATYM.L,Atalaya Mining,Materials,Copper,https://en.wikipedia.org/wiki/FTSE_100_Index; https://en.wikipedia.org/wiki/FTSE_250_Index; Yahoo Finance sector metadata,2026-09-29T21:48:24+00:00
BREE.L,Breedon Group,Materials,Building Materials,https://en.wikipedia.org/wiki/FTSE_100_Index; https://en.wikipedia.org/wiki/FTSE_250_Index; Yahoo Finance sector metadata,2026-09-29T21:48:24+00:00
CRDA.L,Croda International,Materials,Specialty Chemicals,https://en.wikipedia.org/wiki/FTSE_100_Index; https://en.wikipedia.org/wiki/FTSE_250_Index; Yahoo Finance sector metadata,2026-09-29T21:48:24+00:00
ELM.L,Elementis,Materials,Specialty Chemicals,https://en.wikipedia.org/wiki/FTSE_100_Index; https://en.wikipedia.org/wiki/FTSE_250_Index; Yahoo Finance sector metadata,2026-09-29T21:48:24+00:00
EDV.L,Endeavour Mining,Materials,Gold,https://en.wikipedia.org/wiki/FTSE_100_Index; https://en.wikipedia.org/wiki/FTSE_250_Index; Yahoo Finance sector metadata,2026-09-29T21:48:24+00:00
FRES.L,Fresnillo plc,Materials,Other Precious Metals & Mining,https://en.wikipedia.org/wiki/FTSE_100_Index; https://en.wikipedia.org/wiki/FTSE_250_Index; Yahoo Finance sector metadata,2026-09-29T21:48:24+00:00
GLEN.L,Glencore,Materials,Other Industrial Metals & Mining,https://en.wikipedia.org/wiki/FTSE_100_Index; https://en.wikipedia.org/wiki/FTSE_250_Index; Yahoo Finance sector metadata,2026-09-29T21:48:24+00:00
HOC.L,Hochschild Mining,Materials,Other Precious Metals & Mining,https://en.wikipedia.org/wiki/FTSE_100_Index; https://en.wikipedia.org/wiki/FTSE_250_Index; Yahoo Finance sector metadata,2026-09-29T21:48:24+00:00
JMAT.L,Johnson Matthey,Materials,Specialty Chemicals,https://en.wikipedia.org/wiki/FTSE_100_Index; https://en.wikipedia.org/wiki/FTSE_250_Index; Yahoo Finance sector metadata,2026-09-29T21:48:24+00:00
MNDI.L,Mondi,Materials,Paper & Paper Products,https://en.wikipedia.org/wiki/FTSE_100_Index; https://en.wikipedia.org/wiki/FTSE_250_Index; Yahoo Finance sector metadata,2026-09-29T21:48:24+00:00
PAF.L,Pan African Resources,Materials,Gold,https://en.wikipedia.org/wiki/FTSE_100_Index; https://en.wikipedia.org/wiki/FTSE_250_Index; Yahoo Finance sector metadata,2026-09-29T21:48:24+00:00
RIO.L,Rio Tinto,Materials,Other Industrial Metals & Mining,https://en.wikipedia.org/wiki/FTSE_100_Index; https://en.wikipedia.org/wiki/FTSE_250_Index; Yahoo Finance sector metadata,2026-09-29T21:48:24+00:00
VSVS.L,Vesuvius,Materials,Steel,https://en.wikipedia.org/wiki/FTSE_100_Index; https://en.wikipedia.org/wiki/FTSE_250_Index; Yahoo Finance sector metadata,2026-09-29T21:48:24+00:00
VCT.L,Victrex,Materials,Specialty Chemicals,https://en.wikipedia.org/wiki/FTSE_100_Index; https://en.wikipedia.org/wiki/FTSE_250_Index; Yahoo Finance sector metadata,2026-09-29T21:48:24+00:00
BYG.L,Big Yellow Group,Real Estate,REIT - Industrial,https://en.wikipedia.org/wiki/FTSE_100_Index; https://en.wikipedia.org/wiki/FTSE_250_Index; Yahoo Finance sector metadata,2026-09-29T21:48:24+00:00
BLND.L,British Land,Real Estate,REIT - Diversified,https://en.wikipedia.org/wiki/FTSE_100_Index; https://en.wikipedia.org/wiki/FTSE_250_Index; Yahoo Finance sector metadata,2026-09-29T21:48:24+00:00
DLN.L,Derwent London,Real Estate,REIT - Office,https://en.wikipedia.org/wiki/FTSE_100_Index; https://en.wikipedia.org/wiki/FTSE_250_Index; Yahoo Finance sector metadata,2026-09-29T21:48:24+00:00
GRI.L,Grainger,Real Estate,Real Estate Services,https://en.wikipedia.org/wiki/FTSE_100_Index; https://en.wikipedia.org/wiki/FTSE_250_Index; Yahoo Finance sector metadata,2026-09-29T21:48:24+00:00
GPE.L,Great Portland Estates,Real Estate,REIT - Office,https://en.wikipedia.org/wiki/FTSE_100_Index; https://en.wikipedia.org/wiki/FTSE_250_Index; Yahoo Finance sector metadata,2026-09-29T21:48:24+00:00
HMSO.L,Hammerson,Real Estate,REIT - Retail,https://en.wikipedia.org/wiki/FTSE_100_Index; https://en.wikipedia.org/wiki/FTSE_250_Index; Yahoo Finance sector metadata,2026-09-29T21:48:24+00:00
HWG.L,Harworth Group,Real Estate,Real Estate - Development,https://en.wikipedia.org/wiki/FTSE_100_Index; https://en.wikipedia.org/wiki/FTSE_250_Index; Yahoo Finance sector metadata,2026-09-29T21:48:24+00:00
IWG.L,International Workplace Group,Real Estate,Real Estate Services,https://en.wikipedia.org/wiki/FTSE_100_Index; https://en.wikipedia.org/wiki/FTSE_250_Index; Yahoo Finance sector metadata,2026-09-29T21:48:24+00:00
LAND.L,Land Securities,Real Estate,REIT - Diversified,https://en.wikipedia.org/wiki/FTSE_100_Index; https://en.wikipedia.org/wiki/FTSE_250_Index; Yahoo Finance sector metadata,2026-09-29T21:48:24+00:00
LMP.L,LondonMetric Property,Real Estate,REIT - Industrial,https://en.wikipedia.org/wiki/FTSE_100_Index; https://en.wikipedia.org/wiki/FTSE_250_Index; Yahoo Finance sector metadata,2026-09-29T21:48:24+00:00
PHP.L,Primary Health Properties,Real Estate,REIT - Healthcare Facilities,https://en.wikipedia.org/wiki/FTSE_100_Index; https://en.wikipedia.org/wiki/FTSE_250_Index; Yahoo Finance sector metadata,2026-09-29T21:48:24+00:00
SAFE.L,Safestore,Real Estate,REIT - Industrial,https://en.wikipedia.org/wiki/FTSE_100_Index; https://en.wikipedia.org/wiki/FTSE_250_Index; Yahoo Finance sector metadata,2026-09-29T21:48:24+00:00
SVS.L,Savills,Real Estate,Real Estate Services,https://en.wikipedia.org/wiki/FTSE_100_Index; https://en.wikipedia.org/wiki/FTSE_250_Index; Yahoo Finance sector metadata,2026-09-29T21:48:24+00:00
SGRO.L,Segro,Real Estate,REIT - Industrial,https://en.wikipedia.org/wiki/FTSE_100_Index; https://en.wikipedia.org/wiki/FTSE_250_Index; Yahoo Finance sector metadata,2026-09-29T21:48:24+00:00
SHC.L,Shaftesbury Capital,Real Estate,REIT - Retail,https://en.wikipedia.org/wiki/FTSE_100_Index; https://en.wikipedia.org/wiki/FTSE_250_Index; Yahoo Finance sector metadata,2026-09-29T21:48:24+00:00
SRE.L,Sirius Real Estate,Real Estate,Real Estate Services,https://en.wikipedia.org/wiki/FTSE_100_Index; https://en.wikipedia.org/wiki/FTSE_250_Index; Yahoo Finance sector metadata,2026-09-29T21:48:24+00:00
SUPR.L,Supermarket Income REIT,Real Estate,REIT - Retail,https://en.wikipedia.org/wiki/FTSE_100_Index; https://en.wikipedia.org/wiki/FTSE_250_Index; Yahoo Finance sector metadata,2026-09-29T21:48:24+00:00
UTG.L,Unite Group,Real Estate,REIT - Diversified,https://en.wikipedia.org/wiki/FTSE_100_Index; https://en.wikipedia.org/wiki/FTSE_250_Index; Yahoo Finance sector metadata,2026-09-29T21:48:24+00:00
WKP.L,Workspace Group,Real Estate,REIT - Office,https://en.wikipedia.org/wiki/FTSE_100_Index; https://en.wikipedia.org/wiki/FTSE_250_Index; Yahoo Finance sector metadata,2026-09-29T21:48:24+00:00
CNA.L,Centrica,Utilities,Utilities - Independent Power Producers,https://en.wikipedia.org/wiki/FTSE_100_Index; https://en.wikipedia.org/wiki/FTSE_250_Index; Yahoo Finance sector metadata,2026-09-29T21:48:24+00:00
DRX.L,Drax Group,Utilities,Utilities - Renewable,https://en.wikipedia.org/wiki/FTSE_100_Index; https://en.wikipedia.org/wiki/FTSE_250_Index; Yahoo Finance sector metadata,2026-09-29T21:48:24+00:00
MTLN.L,Metlen Energy & Metals,Utilities,Utilities - Diversified,https://en.wikipedia.org/wiki/FTSE_100_Index; https://en.wikipedia.org/wiki/FTSE_250_Index; Yahoo Finance sector metadata,2026-09-29T21:48:24+00:00
NG.L,National Grid plc,Utilities,Utilities - Regulated Electric,https://en.wikipedia.org/wiki/FTSE_100_Index; https://en.wikipedia.org/wiki/FTSE_250_Index; Yahoo Finance sector metadata,2026-09-29T21:48:24+00:00
PNN.L,Pennon Group,Utilities,Utilities - Regulated Water,https://en.wikipedia.org/wiki/FTSE_100_Index; https://en.wikipedia.org/wiki/FTSE_250_Index; Yahoo Finance sector metadata,2026-09-29T21:48:24+00:00
SSE.L,SSE plc,Utilities,Utilities - Diversified,https://en.wikipedia.org/wiki/FTSE_100_Index; https://en.wikipedia.org/wiki/FTSE_250_Index; Yahoo Finance sector metadata,2026-09-29T21:48:24+00:00
SVT.L,Severn Trent,Utilities,Utilities - Regulated Water,https://en.wikipedia.org/wiki/FTSE_100_Index; https://en.wikipedia.org/wiki/FTSE_250_Index; Yahoo Finance sector metadata,2026-09-29T21:48:24+00:00
TEP.L,Telecom Plus,Utilities,Utilities - Diversified,https://en.wikipedia.org/wiki/FTSE_100_Index; https://en.wikipedia.org/wiki/FTSE_250_Index; Yahoo Finance sector metadata,2026-09-29T21:48:24+00:00
TRIG.L,The Renewables Infrastructure Group,Utilities,Utilities - Renewable,https://en.wikipedia.org/wiki/FTSE_100_Index; https://en.wikipedia.org/wiki/FTSE_250_Index; Yahoo Finance sector metadata,2026-09-29T21:48:24+00:00
UU.L,United Utilities,Utilities,Utilities - Regulated Water,https://en.wikipedia.org/wiki/FTSE_100_Index; https://en.wikipedia.org/wiki/FTSE_250_Index; Yahoo Finance sector metadata,2026-09-29T21:48:24+00:00
